User,,,,,
farmA,,,,,
KYU45,,,,,
rubabi,,,,,
Tibon,,,,,
Roi,,,,,
yoajung,,,,,
BIBI,,,,,
NUM708,,,,,
User51,,,,,
AK47,,,,,
SUN_7,,,,,
User98,,,,,
Tones,,,,,
coi_papa,,,,,
User10,,,,,
berry,,,,,
princeJOHN,,,,,
LEE,,,,,
Con,,,,,
User79,,,,,
Woodi,,,,,
JOY_10,,,,,
Cong,,,,,
PoPo,,,,,
Eban,,,,,
Q,,,,,
User56,,,,,
DR.K,,,,,
NENE,,,,,
GUGU,,,,,
User50,,,,,
OB20,,,,,
KoreaLove,,,,,
User91,,,,,
somin,,,,,
KimJun,,,,,
Oriana,,,,,
SuMin,,,,,
JinWoo,,,,,
DuJin10,,,,,
User80,,,,,
Loveya,,,,,
Farming,,,,,
Fish_Lover,,,,,
jewel60,,,,,
User81,,,,,
KTH_0708,,,,,
LSM_1208,,,,,
P0901,,,,,
LineKing,,,,,
User63,,,,,
KingGNU,,,,,
ColdPlay,,,,,
Yoasobi,,,,,
YONEKEN,,,,,
BTS_JIN,,,,,
BTS_JIMIN,,,,,
User47,,,,,
BTS_HOBI,,,,,
BTS_V,,,,,
LeeYoungJI,,,,,
Jun,,,,,
morina,,,,,
shihan,,,,,
Shon89,,,,,
TACO,,,,,
burgerKing,,,,,
ronia_0102,,,,,
Sheep,,,,,
toniro,,,,,
min1201,,,,,
Roki,,,,,
minsu,,,,,
Samyang,,,,,
Cream10,,,,,
Sunny_96,,,,,
OBEER,,,,,
jijiya,,,,,
ZERO,,,,,
moana,,,,,
MARATANG,,,,,
sumA4,,,,,
Explayer,,,,,
Robin,,,,,
NICO,,,,,
onepiece,,,,,
GoNi,,,,,
Day6,,,,,
Day78,,,,,
RealMe,,,,,
yobin78,,,,,
Tovvvi,,,,,
VVVOP,,,,,
VIP,,,,,
Iam56,,,,,
Quir_78,,,,,
ZedFox12  ,,,,,
MaxRiot7  ,,,,,
blazeX1  ,,,,,
Echo93  ,,,,,
NeoWolf  ,,,,,
Sky9x  ,,,,,
Venom88  ,,,,,
NovaQ2  ,,,,,
JaxTide  ,,,,,
Byte77  ,,,,,
FlintX1  ,,,,,
Pyro43  ,,,,,
AceVex  ,,,,,
Zino01  ,,,,,
FluxR4  ,,,,,
Lexi89  ,,,,,
RiotZ3  ,,,,,
Dash08  ,,,,,
Kael72  ,,,,,
NixBot3,,,,,
Ace92  ,,,,,
JunoQ  ,,,,,
MixL1  ,,,,,
Tommy5  ,,,,,
Reza01  ,,,,,
Sk8Guy  ,,,,,
NovaQ  ,,,,,
Fin33  ,,,,,
Rayzo  ,,,,,
Cali4  ,,,,,
ZivY3  ,,,,,
Tru22  ,,,,,
KodyB  ,,,,,
Eli99  ,,,,,
Tess7  ,,,,,
L8Max  ,,,,,
Miko2  ,,,,,
GabeQ  ,,,,,
NimX5  ,,,,,
JoLo1  ,,,,,
Bex47  ,,,,,
Nashy  ,,,,,
ZeeQ2  ,,,,,
Orin3  ,,,,,
Tev11  ,,,,,
Holtz  ,,,,,
Zay98  ,,,,,
Qianx  ,,,,,
Aric1  ,,,,,
Lex77  ,,,,,
Brio2  ,,,,,
F0xen  ,,,,,
Yume4  ,,,,,
Kai00  ,,,,,
Sven2  ,,,,,
Rori9  ,,,,,
EnoQ3  ,,,,,
Vickz  ,,,,,
T1_Faker ,,,,,
DanoL  ,,,,,
Rye88  ,,,,,
Pax77  ,,,,,
Moen1  ,,,,,
Kuz93  ,,,,,
TimoZ  ,,,,,
Nobi1  ,,,,,
Zal43  ,,,,,
LincQ  ,,,,,
Rem22 ,,,,,
Roshi,,,,,
Rojin,,,,,
BMW,,,,,
Alex9,,,,,
T1_Faker ,,,,,
T1_Keria,,,,,
T1_Doran,,,,,
Teddy,,,,,
Pony,,,,,
Pio,,,,,
Auoi45,,,,,
Aony,,,,,
CenRu45,,,,,
Sio,,,,,
JMin23  ,,,,,
HSong7  ,,,,,
Yuna02  ,,,,,
KJun88  ,,,,,
DYoo1  ,,,,,
MinK7  ,,,,,
SY04  ,,,,,
JiHoo5  ,,,,,
HKim91  ,,,,,
JLee33  ,,,,,
Leo99  ,,,,,
TaeO2  ,,,,,
Nari8  ,,,,,
Jin03  ,,,,,
RMin7  ,,,,,
SH92  ,,,,,
AraL1  ,,,,,
EKim0  ,,,,,
YHan6  ,,,,,
MiraQ  ,,,,,
Sun93  ,,,,,
JKoo4  ,,,,,
DoHy1  ,,,,,
SJun5  ,,,,,
JKim7  ,,,,,
YSeo9  ,,,,,
KNam3  ,,,,,
Eunj1  ,,,,,
KiraQ  ,,,,,
SuJi4  ,,,,,
Han85  ,,,,,
HJin2  ,,,,,
YNam9  ,,,,,
RJin8  ,,,,,
Choi7  ,,,,,
Mira2  ,,,,,
LSeo5  ,,,,,
DKim3  ,,,,,
Jae01  ,,,,,
HBak9  ,,,,,
Sang5  ,,,,,
NKim4  ,,,,,
Lina8  ,,,,,
WooJ9  ,,,,,
MJung  ,,,,,
DanaQ  ,,,,,
JCha2  ,,,,,
SYoo3  ,,,,,
Joon0  ,,,,,
TYoon  ,,,,,
farmB,,,,,
fishMan,,,,,
Nicolia,,,,,
toast_10,,,,,
modelia,,,,,
Angel  ,,,,,
Brain  ,,,,,
Blaze  ,,,,,
Booth  ,,,,,
Crisp  ,,,,,
Chase  ,,,,,
Climb  ,,,,,
Craft  ,,,,,
Draft  ,,,,,
Drift  ,,,,,
Flaming,,,,,
Flash  ,,,,,
Coo,,,,,
Ghost  ,,,,,
Glare  ,,,,,
Glory  ,,,,,
Grace  ,,,,,
Grave  ,,,,,
Cine,,,,,
Guide  ,,,,,
Happy45 ,,,,,
Honey  ,,,,,
House  ,,,,,
Jellybin,,,,,
JoJI,,,,,
Judge  ,,,,,
Knife  ,,,,,
KnockGay  ,,,,,
Light  ,,,,,
Ledge  ,,,,,
Lunar  ,,,,,
Magic  ,,,,,
Mercy  ,,,,,
Metal78,,,,,
Money  ,,,,,
Month_1  ,,,,,
Nightmare  ,,,,,
Novel  ,,,,,
Ocean8  ,,,,,
Orbit  ,,,,,
Piano  ,,,,,
Plane78,,,,,
Plant  ,,,,,
Plate  ,,,,,
Point  ,,,,,
Power  ,,,,,
Prize_05  ,,,,,
Queen  ,,,,,
Quest  ,,,,,
Quiet  ,,,,,
Raven  ,,,,,
Reach  ,,,,,
Ready  ,,,,,
Relax  ,,,,,
River  ,,,,,
Royal  ,,,,,
Scene  ,,,,,
Scope  ,,,,,
Score  ,,,,,
Sense  ,,,,,
Shadeee  ,,,,,
Shark  ,,,,,
Sheepipi  ,,,,,
Shine  ,,,,,
Shoko  ,,,,,
SliceCheeze  ,,,,,
Smile  ,,,,,
Solar  ,,,,,
Sound78  ,,,,,
Space  ,,,,,
Spice  ,,,,,
Spicy  ,,,,,
Stack  ,,,,,
Stone88  ,,,,,
Storm88  ,,,,,
Sweet  ,,,,,
Sword26  ,,,,,
Table1234  ,,,,,
Tempo  ,,,,,
Thing  ,,,,,
Thorn7894  ,,,,,
sfdef,,,,,
Tiger2356  ,,,,,
asdf,,,,,
zxcff,,,,,
Track2580  ,,,,,
efwff,,,,,
Trusti9  ,,,,,
TwistD  ,,,,,
Unity7,,,,,
cvzcv,,,,,
thurr,,,,,
Water2580  ,,,,,
Whale1236  ,,,,,
Whole2345  ,,,,,
Windy01  ,,,,,
World9  ,,,,,
efaw,,,,,
sadfadf,,,,,
Zebra ,,,,,
Alice  ,,,,,
Betty  ,,,,,
Brian  ,,,,,
Chloe  ,,,,,
David  ,,,,,
iop,,,,,
Edgar  ,,,,,
kjjkln,,,,,
Erick  ,,,,,
Ethan  ,,,,,
Faith  ,,,,,
Felix  ,,,,,
Gavin  ,,,,,
nklknl,,,,,
Hanna  ,,,,,
Helen  ,,,,,
Henry  ,,,,,
Irene  ,,,,,
Isaac  ,,,,,
Jamie  ,,,,,
Jason  ,,,,,
Jayce  ,,,,,
Jesse  ,,,,,
Jonah  ,,,,,
Jorge  ,,,,,
nklnkl,,,,,
Kathy  ,,,,,
nklnlk,,,,,
Kevin  ,,,,,
nklnkl,,,,,
Leroy  ,,,,,
Linda  ,,,,,
Logan  ,,,,,
Louis  ,,,,,
Lucas  ,,,,,
Lydia  ,,,,,
Maria  ,,,,,
Mason  ,,,,,
Miles  ,,,,,
Mindy  ,,,,,
Nancy  ,,,,,
Naomi  ,,,,,
Nolan  ,,,,,
Oscar11  ,,,,,
Oweny  ,,,,,
Paige  ,,,,,
Peter  ,,,,,
Quinn  ,,,,,
Randy  ,,,,,
Ricky  ,,,,,
Riley  ,,,,,
Roman  ,,,,,
Rosie  ,,,,,
RyanK  ,,,,,
Sally  ,,,,,
Sarah00  ,,,,,
Scott  ,,,,,
Selma  ,,,,,
Simon000  ,,,,,
Sofia  ,,,,,
Sonia  ,,,,,
Steve  ,,,,,
Stacy  ,,,,,
Susan  ,,,,,
Terry  ,,,,,
Thoma  ,,,,,
TinaL  ,,,,,
Titus  ,,,,,
Tobey0000  ,,,,,
Trent00908  ,,,,,
Tyler1121  ,,,,,
Ulric  ,,,,,
Vanceee  ,,,,,
Vickyyy  ,,,,,
Violaaa  ,,,,,
Wesly  ,,,,,
Wendy  ,,,,,
Wyatt  ,,,,,
Youse012  ,,,,,
YunaL  ,,,,,
Zelda  ,,,,,
Zoeey  ,,,,,
Aiden60  ,,,,,
Amber70  ,,,,,
Annie  ,,,,,
Arjun  ,,,,,
Billy0306  ,,,,,
Blake  ,,,,,
Bonny  ,,,,,
Caleb  ,,,,,
Carla0102,,,,,
Clara,,,,,
Crag,,,,,
Damon,,,,,
Daria,,,,,
Debby9,,,,,
Denis,,,,,
Donna,,,,,
Elsie_6,,,,,
Floyd,,,,,
GinaL,,,,,
Glennnn,,,,,
Suzy_xo13,,,,,
jennie.exe,,,,,
hyun88,,,,,
Heart4IU,,,,,
SeoJoon_01,,,,,
BP,,,,,
Seokjin_404,,,,,
KI,,,,,
Kween22,,,,,
DD,,,,,
Taeyeon_Life97,,,,,
FF,,,,,
gyuri_s2,,,,,
SOPE,,,,,
BP_Jisoo_04,,,,,
minho_,,,,,
IU_Offline_07,,,,,
jihye_zzZ,,,,,
jiyoon02,,,,,
juri,,,,,
hye_,,,,,
yuni_,,,,,
bomi02,,,,,
momo_,,,,,
bubu,,,,,
euni,,,,,
yuna,,,,,
yuri19,,,,,
gyu_,,,,,
dael0789,,,,,
jimin01,,,,,
Rora_111,,,,,
rina,,,,,
Icon111,,,,,
bora_,,,,,
Tasean95,,,,,
aeri,,,,,
minji010,,,,,
jiwoo,,,,,
RURU8,,,,,
daon,,,,,
hrx,,,,,
seul_,,,,,
tayo36,,,,,
hyun_,,,,,
sj_,,,,,
rye_,,,,,
hyj_,,,,,
papada,,,,,
mjx,,,,,
ky_,,,,,
mamada,,,,,
dhh,,,,,
dh__,,,,,
jn_,,,,,
ksy,,,,,
joooon,,,,,
yeo_,,,,,
jeeeeiu,,,,,
dooobi,,,,,
yuuuis,,,,,
asdfdd,,,,,
fasdf,,,,,
tegher,,,,,
yohana,,,,,
roun98,,,,,
Zeno,,,,,
Nabi87,,,,,
Lumious,,,,,
AXelMan,,,,,
Nova74,,,,,
Uria69,,,,,
Orin98,,,,,
Mikasa,,,,,
JunoJuno,,,,,
Eira67,,,,,
ToraDora,,,,,
ToTo,,,,,
Sara75,,,,,
Romana,,,,,
Bio,,,,,
DonLior,,,,,
Noria79,,,,,
Aven68,,,,,
Tali95,,,,,
Zari94,,,,,
Lyra93,,,,,
ElinElin,,,,,
Hannnni,,,,,
Haaaaan,,,,,
Hanni,,,,,
Rabi,,,,,
Rabaaa,,,,,
YSUss,,,,,
Lumimim,,,,,
roro,,,,,
oeoeoeo,,,,,
briz,,,,,
swoiadf,,,,,
adfasdf,,,,,
oij,,,,,
oijfe],,,,,
odjd,,,,,
dfdf,,,,,
pou7890,,,,,
Noen92,,,,,
JK97,,,,,
Mishka,,,,,
Alina98,,,,,
Sasha,,,,,
Nadya02,,,,,
Zhenya,,,,,
Ladamaa,,,,,
Irina2580,,,,,
Misha,,,,,
Anya65,,,,,
Tasya,,,,,
Levyya,,,,,
Kollyyaa,,,,,
Vaannya,,,,,
Kima,,,,,
Diiiima,,,,,
Yuliaaa,,,,,
Sanaya,,,,,
Riley56,,,,,
Casey,,,,,
Taylor,,,,,
Jordan123,,,,,
Alexi123,,,,,
Morgan456,,,,,
Avery,,,,,
Drewww,,,,,
Reeese,,,,,
Logaaan,,,,,
Dakoooo,,,,,
Jeseesse,,,,,
Elliiiiii,,,,,
Ronnnn,,,,,
Lexi,,,,,
Beauadsf,,,,,
Scout7,,,,,
Azra77,,,,,
Zayn99,,,,,
RamiRami,,,,,
Lina,,,,,
Amir76,,,,,
Alya,,,,,
Tariq,,,,,
Ziya,,,,,
Rafiiii,,,,,
Nooooo,,,,,
Nooooor,,,,,
Hadi,,,,,
Lamisss,,,,,
Yaraarara,,,,,
Iman8789,,,,,
salim456,,,,,
Inas1237,,,,,
Zaria,,,,,
Kaillia,,,,,
Hasjifjs,,,,,
Sahir,,,,,
Laysnd,,,,,
the_Score,,,,,
Legend9,,,,,
ZenZen,,,,,
Zenia,,,,,
uoon6,,,,,
into568,,,,,
villllllll,,,,,
Conforthsi,,,,,
Greenapple,,,,,
unstop456,,,,,
reiiiyy,,,,,
roadf,,,,,
dism7894,,,,,
Earth1234,,,,,
Toush4567,,,,,
Boone7,,,,,
Benson,,,,,
Charmar,,,,,
Ssstray,,,,,
Kimmm,,,,,
private,,,,,
public,,,,,
playlist,,,,,
tataTV,,,,,
ODodTV,,,,,
MVP,,,,,
counting4,,,,,
AEAO,,,,,
glory447,,,,,
higherer,,,,,
dynamic,,,,,
DuoDuo,,,,,
Cuven_,,,,,
Hardi_,,,,,
Hahahi,,,,,
hihihi,,,,,
rohijd,,,,,
sfl,,,,,
thsisfd,,,,,
afe,,,,,
revolue,,,,,
natural_156,,,,,
buble_789,,,,,
hmmmm,,,,,
Hmme,,,,,
EpicEpic,,,,,
Dragon9633,,,,,
teammm,,,,,
easmmm,,,,,
team9,,,,,
Team101,,,,,
Loveya,,,,,
loving,,,,,
roroppop,,,,,
VikingWolf,,,,,
paogevan,,,,,
cathou78,,,,,
nesuc,,,,,
ivava,,,,,
RIFE,,,,,
SBCgame,,,,,
ascoops9,,,,,
dev0xr,,,,,
luka2548,,,,,
Faith-of,,,,,
angadbal,,,,,
nuckrea89,,,,,
ohnoshit,,,,,
pure_shot,,,,,
pure_violet,,,,,
rory,,,,,
distrres,,,,,
atom889,,,,,
roberee89,,,,,
jefffffma,,,,,
MaxOskk79,,,,,
Theis78,,,,,
Kydram89,,,,,
demere56,,,,,
user_df,,,,,
User786,,,,,
User,,,,,
Userr6,,,,,
Userdff,,,,,
racingM,,,,,
yuta_K,,,,,
nataling,,,,,
kyrifin945,,,,,
Mashales,,,,,
columus,,,,,
mr_shiam,,,,,
Mr_doc,,,,,
misssyouu,,,,,
fatksui39,,,,,
archit46,,,,,
surajkum5,,,,,
hutnad,,,,,
jesuslove,,,,,
joeboe,,,,,
joe495,,,,,
firshooter45,,,,,
nicknoble4,,,,,
theed,,,,,
buttords,,,,,
_mac,,,,,
_aldon,,,,,
game_X,,,,,
opaGramps,,,,,
sugarC,,,,,
sugargoat,,,,,
KimUn,,,,,
sMar45,,,,,
miliiiii,,,,,
radwips,,,,,
yoto789,,,,,
CarNA6,,,,,
nobara45,,,,,
jujutu4568,,,,,
jpojojp,,,,,
rinasawa45,,,,,
rotasi,,,,,
kugisaki,,,,,
choigo,,,,,
choihoi78,,,,,
Timebol,,,,,
istp_40,,,,,
entp_01,,,,,
isfp_00,,,,,
estp_89,,,,,
SSSSSe,,,,,
FIFdf,,,,,
nyanko78,,,,,
Later_23,,,,,
E_3d,,,,,
Autttttm,,,,,
caffnei78,,,,,
m314,,,,,
c5c_,,,,,
did_,,,,,
do___,,,,,
mb62lb,,,,,
hg-d,,,,,
dsic68,,,,,
sang6871,,,,,
chuyeo,,,,,
kmh977,,,,,
LoudCic,,,,,
0u0v_,,,,,
lof4175,,,,,
f7q9z,,,,,
_k4m,,,,,
Flex_cg,,,,,
zepppi,,,,,
zepsi,,,,,
docs59,,,,,
online789,,,,,
notion999,,,,,
noitnoin,,,,,
spar_556,,,,,
sparta_10,,,,,
forms45,,,,,
gle_789,,,,,
song789,,,,,
sumin7191,,,,,
unununun,,,,,
gigigigi,,,,,
faosi,,,,,
jijoe,,,,,
jfijsof,,,,,
rorou,,,,,
jungung,,,,,
_diiso,,,,,
iii_uuu,,,,,
iiw_df,,,,,
_dfdf,,,,,
romin,,,,,
coco_V,,,,,
jida789,,,,,
shhhhh786,,,,,
hedy36,,,,,
lopi789,,,,,
rubu475,,,,,
chang96,,,,,
wooood,,,,,
doyaji70,,,,,
otaa852,,,,,
toy963,,,,,
SanSan65,,,,,
Acha33,,,,,
wifdi95,,,,,
nonono53,,,,,
nana_auu,,,,,
racha_,,,,,
chacha63,,,,,
careeer,,,,,
Saida748,,,,,
rorodigo,,,,,
shortss,,,,,
goodi63,,,,,
maraTang,,,,,
user_Nan,,,,,
nanDa56,,,,,
Sad130,,,,,
Rupapa12,,,,,
Mama00,,,,,
mama085,,,,,
minKsia,,,,,
sieunniya,,,,,
chiiiji,,,,,
hyejinss,,,,,
hajina,,,,,
maCoon,,,,,
Maso,,,,,
pact56,,,,,
sunsun4,,,,,
nanara,,,,,
Eng0130,,,,,
naM789,,,,,
M0013,,,,,
N456,,,,,
M652,,,,,
nanarin,,,,,
rooie,,,,,
lefEF,,,,,
inl214,,,,,
rusf,,,,,
nado11,,,,,
IIIIII,,,,,
suuuuny,,,,,
ssommay,,,,,
Mm8dfs,,,,,
mwfe59,,,,,
amyCl65,,,,,
love_Moo,,,,,
love_Mia,,,,,
UUUU,,,,,
esfe96,,,,,
dofs,,,,,
eong843,,,,,
ltjdud,,,,,
alpha_22  ,,,,,
zen_03  ,,,,,
milo991  ,,,,,
vibe_42  ,,,,,
skyler1  ,,,,,
ray_007  ,,,,,
nova4u  ,,,,,
mint_86  ,,,,,
choco44  ,,,,,
sunny_8  ,,,,,
hype_09  ,,,,,
zuzu_88  ,,,,,
kenny32  ,,,,,
leaf_51  ,,,,,
poppy12  ,,,,,
echo_42  ,,,,,
cloud29  ,,,,,
dino_34  ,,,,,
ruby_21  ,,,,,
wish_66  ,,,,,
mossy19  ,,,,,
bear_77  ,,,,,
juno_44  ,,,,,
fizzy33  ,,,,,
astro_2  ,,,,,
bloom_1  ,,,,,
lola_95  ,,,,,
icey_71  ,,,,,
kiki_07  ,,,,,
nemo_30  ,,,,,
blip_14  ,,,,,
tiger98  ,,,,,
puffy_2  ,,,,,
olive61  ,,,,,
snack13  ,,,,,
pika_23  ,,,,,
froggy7  ,,,,,
bibi_02  ,,,,,
lucky44  ,,,,,
momo_08  ,,,,,
skate99  ,,,,,
butter4  ,,,,,
bobo_70  ,,,,,
zane_12  ,,,,,
giga_88  ,,,,,
nana_50  ,,,,,
cookie3  ,,,,,
woofy19  ,,,,,
orbit_6  ,,,,,
vivi_93  ,,,,,
spud_16  ,,,,,
spark77  ,,,,,
fever_3  ,,,,,
noah_51  ,,,,,
tony_88  ,,,,,
beep_90  ,,,,,
daisy19  ,,,,,
bunny73  ,,,,,
nugget8  ,,,,,
mocha24  ,,,,,
jojo_10  ,,,,,
dream66  ,,,,,
koda_28  ,,,,,
sun_199  ,,,,,
meow_34  ,,,,,
zeek_87  ,,,,,
chill_7  ,,,,,
glow_18  ,,,,,
jazzy09  ,,,,,
fluff12  ,,,,,
loopy22  ,,,,,
muffin1  ,,,,,
toto_46  ,,,,,
blaze99  ,,,,,
honey92  ,,,,,
coco_81  ,,,,,
jazz_15  ,,,,,
winky74  ,,,,,
mira_20  ,,,,,
orbit11  ,,,,,
snowy14  ,,,,,
sandy77  ,,,,,
pixel_6  ,,,,,
luka_03  ,,,,,
zippy99  ,,,,,
miki_91  ,,,,,
hush_28  ,,,,,
candy88  ,,,,,
star_07  ,,,,,
yoyo_24  ,,,,,
gummy_4  ,,,,,
navi_52  ,,,,,
bitsy13  ,,,,,
ozzy_33  ,,,,,
socks19  ,,,,,
hop_999  ,,,,,
dashy24  ,,,,,
comet_8  ,,,,,
dusk_21  ,,,,,
lilo_67  ,,,,,
rider_22  ,,,,,
viper_8  ,,,,,
zara_56  ,,,,,
raven_9  ,,,,,
tazzy_11  ,,,,,
glitch_7  ,,,,,
luna_30  ,,,,,
roxy12  ,,,,,
ezy_18  ,,,,,
scooby_42  ,,,,,
flame99  ,,,,,
max_88  ,,,,,
mango_6  ,,,,,
puff_24  ,,,,,
lennon_2  ,,,,,
storm_75  ,,,,,
drake23  ,,,,,
vex_99  ,,,,,
whiz_12  ,,,,,
eagle_53  ,,,,,
pop_15  ,,,,,
misty_4  ,,,,,
neon_23  ,,,,,
sky_7  ,,,,,
dash_87  ,,,,,
hawk_1  ,,,,,
barry_6  ,,,,,
lily_43  ,,,,,
crush_90  ,,,,,
polar_2  ,,,,,
twig_38  ,,,,,
soul_99  ,,,,,
minty_4  ,,,,,
rocky_21  ,,,,,
jazz_88  ,,,,,
clover_66  ,,,,,
tina_77  ,,,,,
cane_39  ,,,,,
finn_28  ,,,,,
gale_11  ,,,,,
maxie_33  ,,,,,
joel_44  ,,,,,
flash_2  ,,,,,
kip_15  ,,,,,
milo_88  ,,,,,
flint_9  ,,,,,
breeze_50  ,,,,,
sparx_29  ,,,,,
rock_75  ,,,,,
gizmo_72  ,,,,,
bliss_14  ,,,,,
noir_18  ,,,,,
shade_52  ,,,,,
echo3_4  ,,,,,
grace_63  ,,,,,
cairn_71  ,,,,,
tess_26  ,,,,,
chip_55  ,,,,,
penny_21  ,,,,,
dusk_8  ,,,,,
